mes,subsistema,energia_armazenada
2000-01-01,Nordeste,14599.677419354841
2000-01-01,Norte,10428.354838709678
2000-01-01,Sudeste / Centro-Oeste,39381.967741935492
2000-01-01,Sul,6734.3225806451619
2000-02-01,Nordeste,22737.551724137935
2000-02-01,Norte,11706.551724137931
2000-02-01,Sudeste / Centro-Oeste,59665.999999999993
2000-02-01,Sul,6153.5862068965516
2000-03-01,Nordeste,29811.322580645163
2000-03-01,Norte,12339.774193548388
2000-03-01,Sudeste / Centro-Oeste,81075.774193548379
2000-03-01,Sul,7518.2580645161279
2000-04-01,Nordeste,35065.9
2000-04-01,Norte,12629.566666666666
2000-04-01,Sudeste / Centro-Oeste,92423.799999999974
2000-04-01,Sul,6463.1666666666661
2000-05-01,Nordeste,34718.483870967757
2000-05-01,Norte,12521.41935483871
2000-05-01,Sudeste / Centro-Oeste,87995.387096774211
2000-05-01,Sul,4934.322580645161
2000-06-01,Nordeste,32235.466666666667
2000-06-01,Norte,12313.900000000003
2000-06-01,Sudeste / Centro-Oeste,80416.53333333334
2000-06-01,Sul,3723.0000000000005
2000-07-01,Nordeste,29167.967741935488
2000-07-01,Norte,11743.935483870968
2000-07-01,Sudeste / Centro-Oeste,68766.903225806469
2000-07-01,Sul,5279.25806451613
2000-08-01,Nordeste,25384.548387096769
2000-08-01,Norte,10390.451612903229
2000-08-01,Sudeste / Centro-Oeste,56928.8064516129
2000-08-01,Sul,6365.5806451612916
2000-09-01,Nordeste,21494.133333333331
2000-09-01,Norte,8085.4
2000-09-01,Sudeste / Centro-Oeste,51266.266666666663
2000-09-01,Sul,9427.9000000000015
2000-10-01,Nordeste,17086.322580645159
2000-10-01,Norte,6082.9999999999991
2000-10-01,Sudeste / Centro-Oeste,43039.0
2000-10-01,Sul,13015.64516129032
2000-11-01,Nordeste,13783.299999999997
2000-11-01,Norte,4734.6666666666661
2000-11-01,Sudeste / Centro-Oeste,34462.4
2000-11-01,Sul,13475.833333333334
2000-12-01,Nordeste,15525.935483870968
2000-12-01,Norte,5808.1935483870975
2000-12-01,Sudeste / Centro-Oeste,39256.54838709678
2000-12-01,Sul,12622.258064516131
2001-01-01,Nordeste,20346.612903225814
2001-01-01,Norte,10143.322580645161
2001-01-01,Sudeste / Centro-Oeste,49027.870967741939
2001-01-01,Sul,13395.741935483869
2001-02-01,Nordeste,19978.928571428569
2001-02-01,Norte,10675.392857142855
2001-02-01,Sudeste / Centro-Oeste,52208.785714285717
2001-02-01,Sul,13904.071428571428
2001-03-01,Nordeste,18712.258064516129
2001-03-01,Norte,10817.41935483871
2001-03-01,Sudeste / Centro-Oeste,54554.129032258061
2001-03-01,Sul,13645.032258064515
2001-04-01,Nordeste,17621.466666666664
2001-04-01,Norte,10922.4
2001-04-01,Sudeste / Centro-Oeste,54515.533333333333
2001-04-01,Sul,12566.100000000002
2001-05-01,Nordeste,14997.741935483869
2001-05-01,Norte,11026.548387096771
2001-05-01,Sudeste / Centro-Oeste,48571.129032258053
2001-05-01,Sul,11811.258064516129
2001-06-01,Nordeste,12926.400000000001
2001-06-01,Norte,10613.333333333334
2001-06-01,Sudeste / Centro-Oeste,46631.966666666653
2001-06-01,Sul,12661.866666666667
2001-07-01,Nordeste,11338.193548387095
2001-07-01,Norte,9721.8709677419374
2001-07-01,Sudeste / Centro-Oeste,44301.290322580651
2001-07-01,Sul,13826.258064516132
2001-08-01,Nordeste,9401.6129032258068
2001-08-01,Norte,8373.9354838709642
2001-08-01,Sudeste / Centro-Oeste,40196.032258064522
2001-08-01,Sul,13526.387096774195
2001-09-01,Nordeste,7248.8666666666668
2001-09-01,Norte,6424.5333333333338
2001-09-01,Sudeste / Centro-Oeste,34957.433333333342
2001-09-01,Sul,11645.799999999997
2001-10-01,Nordeste,5054.5483870967746
2001-10-01,Norte,4304.0967741935492
2001-10-01,Sudeste / Centro-Oeste,34831.677419354841
2001-10-01,Sul,13928.41935483871
2001-11-01,Nordeste,3819.8666666666668
2001-11-01,Norte,2827.7999999999993
2001-11-01,Sudeste / Centro-Oeste,35412.3
2001-11-01,Sul,13419.533333333335
2001-12-01,Nordeste,5355.6129032258068
2001-12-01,Norte,3733.3870967741932
2001-12-01,Sudeste / Centro-Oeste,44197.290322580644
2001-12-01,Sul,12382.516129032258
2002-01-01,Nordeste,13555.225806451614
2002-01-01,Norte,7142.4838709677415
2002-01-01,Sudeste / Centro-Oeste,66666.709677419334
2002-01-01,Sul,12435.06451612903
2002-02-01,Nordeste,23089.785714285717
2002-02-01,Norte,9122.1785714285688
2002-02-01,Sudeste / Centro-Oeste,91051.0
2002-02-01,Sul,13295.571428571429
2002-03-01,Nordeste,30375.612903225803
2002-03-01,Norte,9680.1612903225814
2002-03-01,Sudeste / Centro-Oeste,110123.64516129033
2002-03-01,Sul,12056.774193548388
2002-04-01,Nordeste,32740.666666666668
2002-04-01,Norte,10002.266666666668
2002-04-01,Sudeste / Centro-Oeste,116400.8
2002-04-01,Sul,10078.766666666666
2002-05-01,Nordeste,31662.741935483868
2002-05-01,Norte,10240.161290322578
2002-05-01,Sudeste / Centro-Oeste,114728.22580645164
2002-05-01,Sul,9715.677419354839
2002-06-01,Nordeste,29137.233333333337
2002-06-01,Norte,10385.866666666667
2002-06-01,Sudeste / Centro-Oeste,112967.90000000001
2002-06-01,Sul,11243.200000000004
2002-07-01,Nordeste,26233.548387096773
2002-07-01,Norte,9070.9999999999982
2002-07-01,Sudeste / Centro-Oeste,108314.48387096776
2002-07-01,Sul,9161.5806451612916
2002-08-01,Nordeste,22655.741935483871
2002-08-01,Norte,7066.9354838709669
2002-08-01,Sudeste / Centro-Oeste,101037.35483870967
2002-08-01,Sul,9225.8064516129052
2002-09-01,Nordeste,18316.199999999993
2002-09-01,Norte,4998.7666666666673
2002-09-01,Sudeste / Centro-Oeste,90258.966666666674
2002-09-01,Sul,10038.233333333334
2002-10-01,Nordeste,14276.129032258064
2002-10-01,Norte,3110.516129032258
2002-10-01,Sudeste / Centro-Oeste,79834.645161290333
2002-10-01,Sul,13926.419354838708
2002-11-01,Nordeste,10488.933333333331
2002-11-01,Norte,1922.533333333334
2002-11-01,Sudeste / Centro-Oeste,70141.766666666663
2002-11-01,Sul,14907.833333333332
2002-12-01,Nordeste,8496.096774193551
2002-12-01,Norte,1595.7741935483873
2002-12-01,Sudeste / Centro-Oeste,69561.225806451592
2002-12-01,Sul,14954.129032258064
2003-01-01,Nordeste,12197.77419354839
2003-01-01,Norte,2900.6774193548381
2003-01-01,Sudeste / Centro-Oeste,85916.7741935484
2003-01-01,Sul,14182.967741935483
2003-02-01,Nordeste,20216.928571428572
2003-02-01,Norte,6993.0
2003-02-01,Sudeste / Centro-Oeste,114979.03571428571
2003-02-01,Sul,13163.428571428571
2003-03-01,Nordeste,23014.548387096769
2003-03-01,Norte,9605.2258064516118
2003-03-01,Sudeste / Centro-Oeste,125765.6129032258
2003-03-01,Sul,14119.322580645159
2003-04-01,Nordeste,25850.433333333334
2003-04-01,Norte,10230.866666666669
2003-04-01,Sudeste / Centro-Oeste,136467.50000000006
2003-04-01,Sul,12153.433333333334
2003-05-01,Nordeste,25594.419354838716
2003-05-01,Norte,10405.322580645159
2003-05-01,Sudeste / Centro-Oeste,136914.64516129033
2003-05-01,Sul,10366.516129032259
2003-06-01,Nordeste,23710.999999999996
2003-06-01,Norte,10402.633333333333
2003-06-01,Sudeste / Centro-Oeste,132725.36666666664
2003-06-01,Sul,9540.9666666666653
2003-07-01,Nordeste,21505.77419354839
2003-07-01,Norte,9565.7419354838712
2003-07-01,Sudeste / Centro-Oeste,124454.06451612902
2003-07-01,Sul,9133.8064516129052
2003-08-01,Nordeste,18658.967741935485
2003-08-01,Norte,8292.387096774195
2003-08-01,Sudeste / Centro-Oeste,112196.64516129032
2003-08-01,Sul,8246.0322580645152
2003-09-01,Nordeste,15461.633333333335
2003-09-01,Norte,6575.4000000000005
2003-09-01,Sudeste / Centro-Oeste,96712.2
2003-09-01,Sul,6050.3999999999978
2003-10-01,Nordeste,11514.483870967742
2003-10-01,Norte,4457.6129032258077
2003-10-01,Sudeste / Centro-Oeste,80168.5483870968
2003-10-01,Sul,4773.7741935483882
2003-11-01,Nordeste,8117.333333333333
2003-11-01,Norte,2931.9666666666662
2003-11-01,Sudeste / Centro-Oeste,67377.500000000015
2003-11-01,Sul,5503.7
2003-12-01,Nordeste,6788.2580645161288
2003-12-01,Norte,2249.4838709677424
2003-12-01,Sudeste / Centro-Oeste,65984.903225806469
2003-12-01,Sul,8360.387096774195
2004-01-01,Nordeste,10358.709677419352
2004-01-01,Norte,3100.2258064516127
2004-01-01,Sudeste / Centro-Oeste,73908.193548387091
2004-01-01,Sul,13328.612903225805
2004-02-01,Nordeste,21518.413793103453
2004-02-01,Norte,8116.55172413793
2004-02-01,Sudeste / Centro-Oeste,98381.5172413793
2004-02-01,Sul,12115.275862068967
2004-03-01,Nordeste,35225.677419354834
2004-03-01,Norte,10375.709677419356
2004-03-01,Sudeste / Centro-Oeste,128471.25806451615
2004-03-01,Sul,9756.51612903226
2004-04-01,Nordeste,45851.700000000012
2004-04-01,Norte,10971.400000000001
2004-04-01,Sudeste / Centro-Oeste,140404.36666666661
2004-04-01,Sul,7846.3666666666677
2004-05-01,Nordeste,48617.580645161295
2004-05-01,Norte,11242.483870967746
2004-05-01,Sudeste / Centro-Oeste,144733.12903225803
2004-05-01,Sul,8652.064516129034
2004-06-01,Nordeste,48286.76666666667
2004-06-01,Norte,11185.300000000001
2004-06-01,Sudeste / Centro-Oeste,147215.33333333331
2004-06-01,Sul,10976.466666666664
2004-07-01,Nordeste,46808.774193548394
2004-07-01,Norte,10376.096774193547
2004-07-01,Sudeste / Centro-Oeste,144748.19354838706
2004-07-01,Sul,12735.41935483871
2004-08-01,Nordeste,43709.806451612909
2004-08-01,Norte,9209.5483870967746
2004-08-01,Sudeste / Centro-Oeste,138274.12903225803
2004-08-01,Sul,11892.193548387097
2004-09-01,Nordeste,39350.933333333342
2004-09-01,Norte,7548.1333333333323
2004-09-01,Sudeste / Centro-Oeste,124769.93333333333
2004-09-01,Sul,10086.700000000003
2004-10-01,Nordeste,34589.290322580637
2004-10-01,Norte,5546.1935483870975
2004-10-01,Sudeste / Centro-Oeste,112489.12903225808
2004-10-01,Sul,10895.000000000002
2004-11-01,Nordeste,30209.000000000004
2004-11-01,Norte,4101.1666666666661
2004-11-01,Sudeste / Centro-Oeste,107460.23333333332
2004-11-01,Sul,13561.766666666668
2004-12-01,Nordeste,28299.225806451614
2004-12-01,Norte,3802.3870967741937
2004-12-01,Sudeste / Centro-Oeste,107950.77419354838
2004-12-01,Sul,12092.645161290324
2005-01-01,Nordeste,33249.225806451606
2005-01-01,Norte,4690.709677419356
2005-01-01,Sudeste / Centro-Oeste,124298.48387096773
2005-01-01,Sul,10827.903225806451
2005-02-01,Nordeste,39474.500000000007
2005-02-01,Norte,8692.6785714285725
2005-02-01,Sudeste / Centro-Oeste,137653.25
2005-02-01,Sul,9286.0357142857138
2005-03-01,Nordeste,44353.38709677419
2005-03-01,Norte,11393.322580645159
2005-03-01,Sudeste / Centro-Oeste,146705.00000000003
2005-03-01,Sul,6215.4838709677424
2005-04-01,Nordeste,49016.499999999993
2005-04-01,Norte,11872.966666666665
2005-04-01,Sudeste / Centro-Oeste,153038.66666666669
2005-04-01,Sul,6161.1333333333332
2005-05-01,Nordeste,49496.741935483878
2005-05-01,Norte,12014.032258064517
2005-05-01,Sudeste / Centro-Oeste,150820.93548387094
2005-05-01,Sul,7318.83870967742
2005-06-01,Nordeste,47923.833333333336
2005-06-01,Norte,11718.600000000002
2005-06-01,Sudeste / Centro-Oeste,149117.10000000003
2005-06-01,Sul,11903.8
2005-07-01,Nordeste,44860.096774193553
2005-07-01,Norte,10968.870967741937
2005-07-01,Sudeste / Centro-Oeste,143022.64516129036
2005-07-01,Sul,13911.806451612903
2005-08-01,Nordeste,41149.096774193538
2005-08-01,Norte,9604.5483870967728
2005-08-01,Sudeste / Centro-Oeste,131817.83870967742
2005-08-01,Sul,13256.193548387097
2005-09-01,Nordeste,36691.666666666672
2005-09-01,Norte,7809.0333333333319
2005-09-01,Sudeste / Centro-Oeste,119917.06666666667
2005-09-01,Sul,14396.0
2005-10-01,Nordeste,31576.290322580644
2005-10-01,Norte,5988.0
2005-10-01,Sudeste / Centro-Oeste,111182.93548387097
2005-10-01,Sul,15164.612903225805
2005-11-01,Nordeste,27507.566666666666
2005-11-01,Norte,4471.7
2005-11-01,Sudeste / Centro-Oeste,105565.16666666667
2005-11-01,Sul,15022.699999999999
2005-12-01,Nordeste,30523.451612903224
2005-12-01,Norte,4835.645161290322
2005-12-01,Sudeste / Centro-Oeste,114818.22580645162
2005-12-01,Sul,13546.064516129032
2006-01-01,Nordeste,37700.032258064515
2006-01-01,Norte,7869.1290322580653
2006-01-01,Sudeste / Centro-Oeste,125868.22580645162
2006-01-01,Sul,12307.354838709678
2006-02-01,Nordeste,39449.749999999993
2006-02-01,Norte,10276.214285714283
2006-02-01,Sudeste / Centro-Oeste,132487.78571428574
2006-02-01,Sul,11703.285714285714
2006-03-01,Nordeste,41759.6129032258
2006-03-01,Norte,11381.967741935487
2006-03-01,Sudeste / Centro-Oeste,146069.90322580645
2006-03-01,Sul,9753.0
2006-04-01,Nordeste,49076.866666666669
2006-04-01,Norte,11842.533333333336
2006-04-01,Sudeste / Centro-Oeste,156242.53333333333
2006-04-01,Sul,8350.0333333333328
2006-05-01,Nordeste,49767.38709677419
2006-05-01,Norte,12071.354838709678
2006-05-01,Sudeste / Centro-Oeste,155475.09677419357
2006-05-01,Sul,6595.8064516129034
2006-06-01,Nordeste,47587.233333333323
2006-06-01,Norte,11954.3
2006-06-01,Sudeste / Centro-Oeste,148123.73333333328
2006-06-01,Sul,5279.5333333333338
2006-07-01,Nordeste,44037.161290322569
2006-07-01,Norte,10636.258064516131
2006-07-01,Sudeste / Centro-Oeste,135400.77419354836
2006-07-01,Sul,5344.8064516129025
2006-08-01,Nordeste,39367.387096774204
2006-08-01,Norte,8121.9999999999964
2006-08-01,Sudeste / Centro-Oeste,120067.48387096774
2006-08-01,Sul,6378.5806451612907
2006-09-01,Nordeste,34021.46666666666
2006-09-01,Norte,6064.6333333333332
2006-09-01,Sudeste / Centro-Oeste,101204.03333333334
2006-09-01,Sul,7430.5333333333338
2006-10-01,Nordeste,28949.516129032261
2006-10-01,Norte,4999.0967741935483
2006-10-01,Sudeste / Centro-Oeste,89686.870967741939
2006-10-01,Sul,8068.2258064516127
2006-11-01,Nordeste,27100.9
2006-11-01,Norte,4315.8666666666668
2006-11-01,Sudeste / Centro-Oeste,82469.799999999988
2006-11-01,Sul,7906.3333333333339
2006-12-01,Nordeste,29581.70967741936
2006-12-01,Norte,4250.5483870967746
2006-12-01,Sudeste / Centro-Oeste,89418.838709677424
2006-12-01,Sul,9136.8064516129034
2007-01-01,Nordeste,36419.516129032265
2007-01-01,Norte,5161.7096774193542
2007-01-01,Sudeste / Centro-Oeste,126255.00000000001
2007-01-01,Sul,11104.129032258063
2007-02-01,Nordeste,42180.214285714283
2007-02-01,Norte,9036.6785714285743
2007-02-01,Sudeste / Centro-Oeste,156446.42857142858
2007-02-01,Sul,11805.500000000002
2007-03-01,Nordeste,46171.193548387084
2007-03-01,Norte,11986.709677419354
2007-03-01,Sudeste / Centro-Oeste,159955.80645161294
2007-03-01,Sul,14485.516129032256
2007-04-01,Nordeste,49676.833333333336
2007-04-01,Norte,12329.133333333333
2007-04-01,Sudeste / Centro-Oeste,165562.23333333331
2007-04-01,Sul,14713.966666666665
2007-05-01,Nordeste,48583.354838709682
2007-05-01,Norte,12296.258064516127
2007-05-01,Sudeste / Centro-Oeste,164786.80645161291
2007-05-01,Sul,16168.935483870964
2007-06-01,Nordeste,45086.799999999996
2007-06-01,Norte,12042.2
2007-06-01,Sudeste / Centro-Oeste,161607.0
2007-06-01,Sul,16078.366666666663
2007-07-01,Nordeste,40549.129032258053
2007-07-01,Norte,10927.258064516125
2007-07-01,Sudeste / Centro-Oeste,152344.67741935482
2007-07-01,Sul,14051.709677419358
2007-08-01,Nordeste,36169.38709677419
2007-08-01,Norte,8864.3870967741968
2007-08-01,Sudeste / Centro-Oeste,144042.51612903227
2007-08-01,Sul,13628.677419354837
2007-09-01,Nordeste,30843.499999999996
2007-09-01,Norte,6547.5999999999985
2007-09-01,Sudeste / Centro-Oeste,126776.5
2007-09-01,Sul,11034.9
2007-10-01,Nordeste,24310.354838709674
2007-10-01,Norte,4999.9354838709669
2007-10-01,Sudeste / Centro-Oeste,106063.6129032258
2007-10-01,Sul,10935.677419354843
2007-11-01,Nordeste,17669.666666666664
2007-11-01,Norte,4075.4666666666672
2007-11-01,Sudeste / Centro-Oeste,94682.633333333331
2007-11-01,Sul,13367.699999999999
2007-12-01,Nordeste,14119.677419354835
2007-12-01,Norte,3727.2258064516127
2007-12-01,Sudeste / Centro-Oeste,87515.225806451621
2007-12-01,Sul,13565.41935483871
2008-01-01,Nordeste,14306.806451612905
2008-01-01,Norte,3687.838709677419
2008-01-01,Sudeste / Centro-Oeste,86901.4516129032
2008-01-01,Sul,12969.516129032258
2008-02-01,Nordeste,20903.586206896551
2008-02-01,Norte,4682.1034482758623
2008-02-01,Sudeste / Centro-Oeste,112464.96551724138
2008-02-01,Sul,10522.137931034482
2008-03-01,Nordeste,29014.54838709678
2008-03-01,Norte,8067.1290322580644
2008-03-01,Sudeste / Centro-Oeste,137177.90322580645
2008-03-01,Sul,8294.1612903225814
2008-04-01,Nordeste,39709.533333333326
2008-04-01,Norte,11575.199999999999
2008-04-01,Sudeste / Centro-Oeste,153227.06666666665
2008-04-01,Sul,7837.4999999999991
2008-05-01,Nordeste,42705.709677419363
2008-05-01,Norte,11895.870967741936
2008-05-01,Sudeste / Centro-Oeste,157628.67741935482
2008-05-01,Sul,12140.806451612902
2008-06-01,Nordeste,41666.799999999988
2008-06-01,Norte,11573.599999999997
2008-06-01,Sudeste / Centro-Oeste,154111.16666666669
2008-06-01,Sul,11973.599999999999
2008-07-01,Nordeste,39439.225806451614
2008-07-01,Norte,10504.387096774193
2008-07-01,Sudeste / Centro-Oeste,145003.61290322582
2008-07-01,Sul,11889.258064516131
2008-08-01,Nordeste,35569.032258064508
2008-08-01,Norte,8751.0645161290358
2008-08-01,Sudeste / Centro-Oeste,132141.67741935482
2008-08-01,Sul,11058.419354838707
2008-09-01,Nordeste,30711.966666666671
2008-09-01,Norte,6795.2666666666655
2008-09-01,Sudeste / Centro-Oeste,116639.93333333335
2008-09-01,Sul,10845.0
2008-10-01,Nordeste,25578.064516129023
2008-10-01,Norte,4810.9032258064526
2008-10-01,Sudeste / Centro-Oeste,104239.90322580645
2008-10-01,Sul,13061.870967741936
2008-11-01,Nordeste,20075.666666666672
2008-11-01,Norte,3500.9
2008-11-01,Sudeste / Centro-Oeste,95697.166666666672
2008-11-01,Sul,17801.5
2008-12-01,Nordeste,19843.548387096773
2008-12-01,Norte,3457.5483870967737
2008-12-01,Sudeste / Centro-Oeste,95457.741935483864
2008-12-01,Sul,15541.870967741936
2009-01-01,Nordeste,27959.741935483871
2009-01-01,Norte,4753.6451612903229
2009-01-01,Sudeste / Centro-Oeste,113725.64516129032
2009-01-01,Sul,12502.225806451614
2009-02-01,Nordeste,36127.428571428565
2009-02-01,Norte,5633.2142857142853
2009-02-01,Sudeste / Centro-Oeste,135940.46428571432
2009-02-01,Sul,10224.642857142859
2009-03-01,Nordeste,42593.06451612903
2009-03-01,Norte,9525.6451612903238
2009-03-01,Sudeste / Centro-Oeste,147638.22580645158
2009-03-01,Sul,9573.41935483871
2009-04-01,Nordeste,47731.966666666674
2009-04-01,Norte,11896.866666666669
2009-04-01,Sudeste / Centro-Oeste,156707.56666666665
2009-04-01,Sul,7833.166666666667
2009-05-01,Nordeste,51256.838709677409
2009-05-01,Norte,12266.806451612902
2009-05-01,Sudeste / Centro-Oeste,157646.16129032255
2009-05-01,Sul,6879.1612903225823
2009-06-01,Nordeste,49555.200000000004
2009-06-01,Norte,12277.133333333333
2009-06-01,Sudeste / Centro-Oeste,152055.3666666667
2009-06-01,Sul,7569.5999999999995
2009-07-01,Nordeste,46225.354838709674
2009-07-01,Norte,11260.709677419352
2009-07-01,Sudeste / Centro-Oeste,145621.87096774194
2009-07-01,Sul,10613.258064516131
2009-08-01,Nordeste,41854.6129032258
2009-08-01,Norte,9371.4516129032254
2009-08-01,Sudeste / Centro-Oeste,140323.9032258064
2009-08-01,Sul,15376.322580645161
2009-09-01,Nordeste,37928.03333333334
2009-09-01,Norte,7335.7666666666673
2009-09-01,Sudeste / Centro-Oeste,135087.56666666671
2009-09-01,Sul,17425.166666666672
2009-10-01,Nordeste,33748.709677419356
2009-10-01,Norte,6132.2580645161288
2009-10-01,Sudeste / Centro-Oeste,130608.87096774194
2009-10-01,Sul,18036.16129032258
2009-11-01,Nordeste,32649.73333333333
2009-11-01,Norte,5970.9666666666681
2009-11-01,Sudeste / Centro-Oeste,129899.56666666667
2009-11-01,Sul,18011.966666666667
2009-12-01,Nordeste,32376.967741935488
2009-12-01,Norte,6450.5806451612907
2009-12-01,Sudeste / Centro-Oeste,136179.74193548382
2009-12-01,Sul,18350.967741935488
2010-01-01,Nordeste,35987.870967741939
2010-01-01,Norte,9087.451612903229
2010-01-01,Sudeste / Centro-Oeste,143647.77419354834
2010-01-01,Sul,18384.451612903231
2010-02-01,Nordeste,36138.892857142855
2010-02-01,Norte,11811.142857142855
2010-02-01,Sudeste / Centro-Oeste,148223.10714285716
2010-02-01,Sul,18342.178571428572
2010-03-01,Nordeste,36547.741935483871
2010-03-01,Norte,12261.677419354837
2010-03-01,Sudeste / Centro-Oeste,156571.87096774194
2010-03-01,Sul,17327.48387096775
2010-04-01,Nordeste,39382.100000000006
2010-04-01,Norte,12325.4
2010-04-01,Sudeste / Centro-Oeste,160620.53333333333
2010-04-01,Sul,17179.600000000002
2010-05-01,Nordeste,38954.870967741932
2010-05-01,Norte,12318.516129032259
2010-05-01,Sudeste / Centro-Oeste,155536.58064516133
2010-05-01,Sul,17260.193548387095
2010-06-01,Nordeste,37042.166666666657
2010-06-01,Norte,11814.666666666666
2010-06-01,Sudeste / Centro-Oeste,148359.26666666669
2010-06-01,Sul,17509.166666666664
2010-07-01,Nordeste,34611.838709677417
2010-07-01,Norte,10420.967741935483
2010-07-01,Sudeste / Centro-Oeste,137601.80645161288
2010-07-01,Sul,16040.161290322581
2010-08-01,Nordeste,31067.419354838712
2010-08-01,Norte,8353.3225806451628
2010-08-01,Sudeste / Centro-Oeste,125244.54838709674
2010-08-01,Sul,16642.354838709674
2010-09-01,Nordeste,26934.7
2010-09-01,Norte,6429.7999999999993
2010-09-01,Sudeste / Centro-Oeste,106993.06666666667
2010-09-01,Sul,13259.4
2010-10-01,Nordeste,22358.419354838712
2010-10-01,Norte,5001.7419354838712
2010-10-01,Sudeste / Centro-Oeste,92736.129032258061
2010-10-01,Sul,11118.741935483871
2010-11-01,Nordeste,20368.433333333338
2010-11-01,Norte,4093.0
2010-11-01,Sudeste / Centro-Oeste,82873.89999999998
2010-11-01,Sul,8631.0666666666657
2010-12-01,Nordeste,21670.548387096773
2010-12-01,Norte,4298.8709677419356
2010-12-01,Sudeste / Centro-Oeste,83629.129032258061
2010-12-01,Sul,10710.580645161292
2011-01-01,Nordeste,27465.451612903231
2011-01-01,Norte,5992.387096774195
2011-01-01,Sudeste / Centro-Oeste,112249.03225806453
2011-01-01,Sul,14703.677419354841
2011-02-01,Nordeste,31494.714285714286
2011-02-01,Norte,8148.9642857142844
2011-02-01,Sudeste / Centro-Oeste,130776.10714285714
2011-02-01,Sul,17476.642857142851
2011-03-01,Nordeste,35236.290322580637
2011-03-01,Norte,12024.225806451614
2011-03-01,Sudeste / Centro-Oeste,154055.83870967742
2011-03-01,Sul,17820.193548387102
2011-04-01,Nordeste,43377.733333333344
2011-04-01,Norte,12281.233333333332
2011-04-01,Sudeste / Centro-Oeste,172539.93333333338
2011-04-01,Sul,18080.266666666666
2011-05-01,Nordeste,46842.903225806462
2011-05-01,Norte,12335.870967741934
2011-05-01,Sudeste / Centro-Oeste,176892.06451612903
2011-05-01,Sul,16137.58064516129
2011-06-01,Nordeste,45475.833333333314
2011-06-01,Norte,11833.100000000002
2011-06-01,Sudeste / Centro-Oeste,173656.16666666666
2011-06-01,Sul,13052.033333333333
2011-07-01,Nordeste,42792.6129032258
2011-07-01,Norte,11400.322580645163
2011-07-01,Sudeste / Centro-Oeste,166086.74193548382
2011-07-01,Sul,17029.935483870966
2011-08-01,Nordeste,38658.967741935485
2011-08-01,Norte,10085.096774193553
2011-08-01,Sudeste / Centro-Oeste,155209.70967741939
2011-08-01,Sul,18866.322580645163
2011-09-01,Nordeste,33803.099999999991
2011-09-01,Norte,7803.6999999999989
2011-09-01,Sudeste / Centro-Oeste,139445.56666666668
2011-09-01,Sul,18737.300000000003
2011-10-01,Nordeste,28551.096774193546
2011-10-01,Norte,5698.0967741935483
2011-10-01,Sudeste / Centro-Oeste,125699.99999999999
2011-10-01,Sul,17712.38709677419
2011-11-01,Nordeste,24828.699999999997
2011-11-01,Norte,5971.2333333333336
2011-11-01,Sudeste / Centro-Oeste,117531.76666666666
2011-11-01,Sul,16340.533333333335
2011-12-01,Nordeste,26046.61290322581
2011-12-01,Norte,6276.0645161290313
2011-12-01,Sudeste / Centro-Oeste,116428.54838709677
2011-12-01,Sul,12453.258064516129
2012-01-01,Nordeste,33794.6129032258
2012-01-01,Norte,8455.0
2012-01-01,Sudeste / Centro-Oeste,139592.09677419355
2012-01-01,Sul,11503.77419354839
2012-02-01,Nordeste,41440.758620689659
2012-02-01,Norte,12016.482758620687
2012-02-01,Sudeste / Centro-Oeste,156538.75862068965
2012-02-01,Sul,11099.862068965518
2012-03-01,Nordeste,43093.483870967735
2012-03-01,Norte,12274.096774193551
2012-03-01,Sudeste / Centro-Oeste,157975.32258064518
2012-03-01,Sul,8724.9677419354812
2012-04-01,Nordeste,42167.366666666661
2012-04-01,Norte,12324.233333333335
2012-04-01,Sudeste / Centro-Oeste,154645.93333333332
2012-04-01,Sul,6219.5666666666666
2012-05-01,Nordeste,39059.999999999993
2012-05-01,Norte,12206.548387096775
2012-05-01,Sudeste / Centro-Oeste,149589.64516129033
2012-05-01,Sul,9104.7741935483864
2012-06-01,Nordeste,35860.166666666672
2012-06-01,Norte,11986.199999999999
2012-06-01,Sudeste / Centro-Oeste,144590.3
2012-06-01,Sul,12051.533333333329
2012-07-01,Nordeste,32697.77419354839
2012-07-01,Norte,10534.129032258064
2012-07-01,Sudeste / Centro-Oeste,139533.41935483873
2012-07-01,Sul,13477.935483870966
2012-08-01,Nordeste,28809.16129032258
2012-08-01,Norte,9945.5161290322576
2012-08-01,Sudeste / Centro-Oeste,124970.12903225808
2012-08-01,Sul,14186.935483870966
2012-09-01,Nordeste,24257.166666666668
2012-09-01,Norte,7808.2999999999993
2012-09-01,Sudeste / Centro-Oeste,104772.23333333332
2012-09-01,Sul,10572.300000000001
2012-10-01,Nordeste,19445.709677419356
2012-10-01,Norte,6643.5806451612907
2012-10-01,Sudeste / Centro-Oeste,84328.838709677424
2012-10-01,Sul,7862.32258064516
2012-11-01,Nordeste,17030.933333333331
2012-11-01,Norte,5645.0666666666657
2012-11-01,Sudeste / Centro-Oeste,68558.800000000017
2012-11-01,Sul,8038.0
2012-12-01,Nordeste,17375.258064516129
2012-12-01,Norte,5874.0967741935474
2012-12-01,Sudeste / Centro-Oeste,59904.096774193553
2012-12-01,Sul,6866.4838709677415
2013-01-01,Nordeste,15797.129032258063
2013-01-01,Norte,6247.7741935483864
2013-01-01,Sudeste / Centro-Oeste,63892.48387096775
2013-01-01,Sul,9113.5161290322558
2013-02-01,Nordeste,19975.857142857138
2013-02-01,Norte,9275.7857142857138
2013-02-01,Sudeste / Centro-Oeste,85630.321428571435
2013-02-01,Sul,8250.1428571428587
2013-03-01,Nordeste,21676.225806451617
2013-03-01,Norte,12158.225806451614
2013-03-01,Sudeste / Centro-Oeste,98464.935483870955
2013-03-01,Sul,9786.06451612903
2013-04-01,Nordeste,23636.233333333326
2013-04-01,Norte,13607.199999999999
2013-04-01,Sudeste / Centro-Oeste,119072.4
2013-04-01,Sul,12686.133333333331
2013-05-01,Nordeste,25332.903225806454
2013-05-01,Norte,13663.709677419356
2013-05-01,Sudeste / Centro-Oeste,125237.4516129032
2013-05-01,Sul,11020.387096774191
2013-06-01,Nordeste,24647.3
2013-06-01,Norte,13340.466666666665
2013-06-01,Sudeste / Centro-Oeste,127750.56666666665
2013-06-01,Sul,13347.599999999999
2013-07-01,Nordeste,22798.516129032258
2013-07-01,Norte,13260.741935483871
2013-07-01,Sudeste / Centro-Oeste,125512.80645161289
2013-07-01,Sul,17222.22580645161
2013-08-01,Nordeste,20179.935483870966
2013-08-01,Norte,11736.774193548386
2013-08-01,Sudeste / Centro-Oeste,116733.3870967742
2013-08-01,Sul,18340.612903225803
2013-09-01,Nordeste,17322.666666666668
2013-09-01,Norte,9388.8333333333339
2013-09-01,Sudeste / Centro-Oeste,103616.96666666666
2013-09-01,Sul,17741.666666666668
2013-10-01,Nordeste,14197.129032258068
2013-10-01,Norte,6514.2580645161288
2013-10-01,Sudeste / Centro-Oeste,94824.77419354835
2013-10-01,Sul,19021.129032258064
2013-11-01,Nordeste,11978.133333333333
2013-11-01,Norte,5204.0
2013-11-01,Sudeste / Centro-Oeste,86185.133333333331
2013-11-01,Sul,16628.666666666672
2013-12-01,Nordeste,13456.612903225809
2013-12-01,Norte,5465.1290322580644
2013-12-01,Sudeste / Centro-Oeste,84619.129032258061
2013-12-01,Sul,13164.612903225807
2014-01-01,Nordeste,20556.45161290322
2014-01-01,Norte,8105.9032258064508
2014-01-01,Sudeste / Centro-Oeste,83909.709677419363
2014-01-01,Sul,12209.000000000004
2014-02-01,Nordeste,21726.607142857141
2014-02-01,Norte,10838.321428571428
2014-02-01,Sudeste / Centro-Oeste,73484.07142857142
2014-02-01,Sul,8970.1428571428569
2014-03-01,Nordeste,21503.935483870962
2014-03-01,Norte,12449.580645161293
2014-03-01,Sudeste / Centro-Oeste,71303.258064516122
2014-03-01,Sul,8401.677419354839
2014-04-01,Nordeste,22081.26666666667
2014-04-01,Norte,13137.666666666666
2014-04-01,Sudeste / Centro-Oeste,74638.966666666645
2014-04-01,Sul,8962.600000000004
2014-05-01,Nordeste,21720.06451612903
2014-05-01,Norte,13739.451612903224
2014-05-01,Sudeste / Centro-Oeste,75984.870967741939
2014-05-01,Sul,9853.9354838709678
2014-06-01,Nordeste,19753.666666666661
2014-06-01,Norte,13816.233333333334
2014-06-01,Sudeste / Centro-Oeste,75253.7
2014-06-01,Sul,16314.866666666669
2014-07-01,Nordeste,17475.1935483871
2014-07-01,Norte,13364.58064516129
2014-07-01,Sudeste / Centro-Oeste,71561.516129032258
2014-07-01,Sul,19020.806451612912
2014-08-01,Nordeste,15067.129032258064
2014-08-01,Norte,11412.548387096775
2014-08-01,Sudeste / Centro-Oeste,66164.483870967728
2014-08-01,Sul,16498.516129032261
2014-09-01,Nordeste,12343.699999999999
2014-09-01,Norte,7891.2666666666646
2014-09-01,Sudeste / Centro-Oeste,55962.69999999999
2014-09-01,Sul,14368.833333333334
2014-10-01,Nordeste,9238.2903225806458
2014-10-01,Norte,5613.967741935483
2014-10-01,Sudeste / Centro-Oeste,44958.032258064522
2014-10-01,Sul,17824.903225806451
2014-11-01,Nordeste,6799.5666666666666
2014-11-01,Norte,4532.9333333333343
2014-11-01,Sudeste / Centro-Oeste,33694.433333333334
2014-11-01,Sul,15145.133333333333
2014-12-01,Nordeste,7676.2258064516145
2014-12-01,Norte,4334.5806451612889
2014-12-01,Sudeste / Centro-Oeste,34970.709677419341
2014-12-01,Sul,10862.032258064517
2015-01-01,Nordeste,8824.5161290322558
2015-01-01,Norte,5209.9354838709687
2015-01-01,Sudeste / Centro-Oeste,37535.903225806447
2015-01-01,Sul,13358.870967741936
2015-02-01,Nordeste,8421.0000000000018
2015-02-01,Norte,5396.1428571428569
2015-02-01,Sudeste / Centro-Oeste,37589.46428571429
2015-02-01,Sul,10556.892857142859
2015-03-01,Nordeste,10401.967741935483
2015-03-01,Norte,7158.41935483871
2015-03-01,Sudeste / Centro-Oeste,49093.03225806453
2015-03-01,Sul,9157.1290322580626
2015-04-01,Nordeste,13274.166666666664
2015-04-01,Norte,11268.633333333331
2015-04-01,Sudeste / Centro-Oeste,63963.333333333328
2015-04-01,Sul,7435.0666666666675
2015-05-01,Nordeste,13751.967741935485
2015-05-01,Norte,12203.193548387095
2015-05-01,Sudeste / Centro-Oeste,71455.548387096773
2015-05-01,Sul,6569.9677419354848
2015-06-01,Nordeste,13237.966666666667
2015-06-01,Norte,12107.433333333334
2015-06-01,Sudeste / Centro-Oeste,73858.000000000029
2015-06-01,Sul,9955.4666666666672
2015-07-01,Nordeste,12024.870967741932
2015-07-01,Norte,11666.290322580646
2015-07-01,Sudeste / Centro-Oeste,75026.6129032258
2015-07-01,Sul,16710.451612903227
2015-08-01,Nordeste,10243.451612903225
2015-08-01,Norte,10421.064516129032
2015-08-01,Sudeste / Centro-Oeste,73213.580645161273
2015-08-01,Sul,17701.645161290322
2015-09-01,Nordeste,8025.9666666666672
2015-09-01,Norte,7357.9666666666681
2015-09-01,Sudeste / Centro-Oeste,67992.666666666657
2015-09-01,Sul,14661.199999999999
2015-10-01,Nordeste,5523.9677419354821
2015-10-01,Norte,4509.354838709678
2015-10-01,Sudeste / Centro-Oeste,60733.483870967735
2015-10-01,Sul,17782.22580645161
2015-11-01,Nordeste,3106.9666666666667
2015-11-01,Norte,3195.1333333333332
2015-11-01,Sudeste / Centro-Oeste,55745.133333333331
2015-11-01,Sul,19506.333333333332
2015-12-01,Nordeste,2464.6451612903234
2015-12-01,Norte,2480.7741935483873
2015-12-01,Sudeste / Centro-Oeste,58376.38709677419
2015-12-01,Sul,19620.580645161295
2016-01-01,Nordeste,4184.1290322580653
2016-01-01,Norte,2870.1290322580649
2016-01-01,Sudeste / Centro-Oeste,73432.064516129045
2016-01-01,Sul,19174.032258064515
2016-02-01,Nordeste,13726.37931034483
2016-02-01,Norte,5964.2068965517237
2016-02-01,Sudeste / Centro-Oeste,97939.793103448275
2016-02-01,Sul,19343.551724137928
2016-03-01,Nordeste,17108.741935483875
2016-03-01,Norte,7609.9354838709687
2016-03-01,Sudeste / Centro-Oeste,112250.19354838712
2016-03-01,Sul,19483.354838709678
2016-04-01,Nordeste,17540.933333333334
2016-04-01,Norte,9427.1
2016-04-01,Sudeste / Centro-Oeste,118440.6
2016-04-01,Sul,18363.966666666667
2016-05-01,Nordeste,16177.258064516127
2016-05-01,Norte,9626.7741935483846
2016-05-01,Sudeste / Centro-Oeste,116031.83870967739
2016-05-01,Sul,17533.612903225807
2016-06-01,Nordeste,14645.933333333331
2016-06-01,Norte,9189.7666666666664
2016-06-01,Sudeste / Centro-Oeste,115400.73333333332
2016-06-01,Sul,18187.199999999997
2016-07-01,Nordeste,12854.354838709676
2016-07-01,Norte,8615.0967741935456
2016-07-01,Sudeste / Centro-Oeste,109631.70967741936
2016-07-01,Sul,17802.77419354839
2016-08-01,Nordeste,10852.419354838714
2016-08-01,Norte,7615.9032258064508
2016-08-01,Sudeste / Centro-Oeste,98463.096774193546
2016-08-01,Sul,17029.612903225803
2016-09-01,Nordeste,8585.4666666666672
2016-09-01,Norte,6551.5000000000009
2016-09-01,Sudeste / Centro-Oeste,88163.46666666666
2016-09-01,Sul,18008.666666666672
2016-10-01,Nordeste,6513.2580645161288
2016-10-01,Norte,5208.1935483870957
2016-10-01,Sudeste / Centro-Oeste,75413.645161290318
2016-10-01,Sul,15491.612903225809
2016-11-01,Nordeste,4959.2
2016-11-01,Norte,3874.3333333333339
2016-11-01,Sudeste / Centro-Oeste,68898.000000000029
2016-11-01,Sul,16080.500000000004
2016-12-01,Nordeste,6757.2258064516127
2016-12-01,Norte,2846.3870967741932
2016-12-01,Sudeste / Centro-Oeste,68154.161290322591
2016-12-01,Sul,12706.193548387098
2017-01-01,Nordeste,8716.419354838712
2017-01-01,Norte,3179.0
2017-01-01,Sudeste / Centro-Oeste,69836.6129032258
2017-01-01,Sul,13211.387096774195
2017-02-01,Nordeste,9760.75
2017-02-01,Norte,4890.8214285714294
2017-02-01,Sudeste / Centro-Oeste,80383.464285714275
2017-02-01,Sul,11209.392857142857
2017-03-01,Nordeste,11020.354838709674
2017-03-01,Norte,8998.322580645161
2017-03-01,Sudeste / Centro-Oeste,83858.096774193546
2017-03-01,Sul,9700.064516129034
2017-04-01,Nordeste,11310.466666666665
2017-04-01,Norte,9800.8666666666631
2017-04-01,Sudeste / Centro-Oeste,84446.43333333332
2017-04-01,Sul,8183.7
2017-05-01,Nordeste,10595.41935483871
2017-05-01,Norte,9902.1612903225814
2017-05-01,Sudeste / Centro-Oeste,85763.161290322576
2017-05-01,Sul,9838.51612903226
2017-06-01,Nordeste,9667.3
2017-06-01,Norte,9752.533333333331
2017-06-01,Sudeste / Centro-Oeste,87199.133333333346
2017-06-01,Sul,18356.366666666665
2017-07-01,Nordeste,8429.51612903226
2017-07-01,Norte,9360.9354838709678
2017-07-01,Sudeste / Centro-Oeste,82202.354838709653
2017-07-01,Sul,16415.77419354839
2017-08-01,Nordeste,7052.0
2017-08-01,Norte,8375.0000000000018
2017-08-01,Sudeste / Centro-Oeste,71411.645161290318
2017-08-01,Sul,12493.41935483871
2017-09-01,Nordeste,5539.166666666667
2017-09-01,Norte,6505.5666666666666
2017-09-01,Sudeste / Centro-Oeste,58140.100000000006
2017-09-01,Sul,9127.6333333333332
2017-10-01,Nordeste,3911.4193548387098
2017-10-01,Norte,3902.58064516129
2017-10-01,Sudeste / Centro-Oeste,41542.354838709674
2017-10-01,Sul,8249.7419354838712
2017-11-01,Nordeste,2654.0666666666662
2017-11-01,Norte,2788.8999999999996
2017-11-01,Sudeste / Centro-Oeste,36730.666666666664
2017-11-01,Sul,11574.999999999998
2017-12-01,Nordeste,4674.9354838709678
2017-12-01,Norte,2733.1290322580653
2017-12-01,Sudeste / Centro-Oeste,41714.096774193546
2017-12-01,Sul,10909.93548387097
2018-01-01,Nordeste,8016.7148595016124
2018-01-01,Norte,4081.5276036422579
2018-01-01,Sudeste / Centro-Oeste,57209.95854334678
2018-01-01,Sul,13168.216135333549
2018-02-01,Nordeste,10860.900913785357
2018-02-01,Norte,7821.8180977967859
2018-02-01,Sudeste / Centro-Oeste,69664.154436383935
2018-02-01,Sul,15516.985386441786
2018-03-01,Nordeste,16237.52633568742
2018-03-01,Norte,9699.432743197096
2018-03-01,Sudeste / Centro-Oeste,80577.460685483864
2018-03-01,Sul,12980.547977572902
2018-04-01,Nordeste,20143.436523440338
2018-04-01,Norte,10248.135026042999
2018-04-01,Sudeste / Centro-Oeste,88750.3890625
2018-04-01,Sul,13309.195735678335
2018-05-01,Nordeste,20725.117502522906
2018-05-01,Norte,10623.977665071288
2018-05-01,Sudeste / Centro-Oeste,87345.2613407258
2018-05-01,Sul,10790.599735384516
2018-06-01,Nordeste,19766.765690106669
2018-06-01,Norte,10720.273795574332
2018-06-01,Sudeste / Centro-Oeste,83757.288281250017
2018-06-01,Sul,9622.658496095
2018-07-01,Nordeste,18567.580645163867
2018-07-01,Norte,10521.660723286777
2018-07-01,Sudeste / Centro-Oeste,75139.914062499971
2018-07-01,Sul,10286.651304184843
2018-08-01,Nordeste,17095.429246473224
2018-08-01,Norte,9157.221522179354
2018-08-01,Sudeste / Centro-Oeste,63494.00189012097
2018-08-01,Sul,8236.83655179097
2018-09-01,Nordeste,15466.652278647334
2018-09-01,Norte,7331.459700522
2018-09-01,Sudeste / Centro-Oeste,51353.782031250004
2018-09-01,Sul,9893.224902345
2018-10-01,Nordeste,13755.936586442576
2018-10-01,Norte,4990.3225255174193
2018-10-01,Sudeste / Centro-Oeste,42818.879788306447
2018-10-01,Sul,11555.752016130324
2018-11-01,Nordeste,13669.668977865667
2018-11-01,Norte,3553.951481120333
2018-11-01,Sudeste / Centro-Oeste,42744.70416666667
2018-11-01,Sul,14968.318131511332
2018-12-01,Nordeste,18301.675088207743
2018-12-01,Norte,4053.0792039445164
2018-12-01,Sudeste / Centro-Oeste,53073.601436491932
2018-12-01,Sul,12221.25217364
2019-01-01,Nordeste,21433.273941534513
2019-01-01,Norte,4265.43390089484
2019-01-01,Sudeste / Centro-Oeste,56546.956275201614
2019-01-01,Sul,10130.889238912903
2019-02-01,Nordeste,22150.46930803857
2019-02-01,Norte,5610.4206542974989
2019-02-01,Sudeste / Centro-Oeste,55051.723493303565
2019-02-01,Sul,7734.9907400957145
2019-03-01,Nordeste,25286.533644155166
2019-03-01,Norte,9182.4815240683856
2019-03-01,Sudeste / Centro-Oeste,71944.082157258061
2019-03-01,Sul,8853.0564831161319
2019-04-01,Nordeste,28886.605794272669
2019-04-01,Norte,10466.444335937667
2019-04-01,Sudeste / Centro-Oeste,86340.914583333331
2019-04-01,Sul,8521.48528646
2019-05-01,Nordeste,29986.296496978062
2019-05-01,Norte,10974.452242944841
2019-05-01,Sudeste / Centro-Oeste,93919.078377016122
2019-05-01,Sul,10517.319146926771
2019-06-01,Nordeste,29268.723372398337
2019-06-01,Norte,11167.976725261331
2019-06-01,Sudeste / Centro-Oeste,96595.6755208333
2019-06-01,Sul,17302.315852867334
2019-07-01,Nordeste,27885.674395164515
2019-07-01,Norte,11017.264963459358
2019-07-01,Sudeste / Centro-Oeste,93864.164062499985
2019-07-01,Sul,16815.400957663547
2019-08-01,Nordeste,26107.094128026776
2019-08-01,Norte,10486.705771170644
2019-08-01,Sudeste / Centro-Oeste,85824.6058467742
2019-08-01,Sul,12804.157636090324
2019-09-01,Nordeste,23829.14003906467
2019-09-01,Norte,8710.160904948998
2019-09-01,Sudeste / Centro-Oeste,71255.354557291663
2019-09-01,Sul,9140.1552734393372
2019-10-01,Nordeste,21255.563886090975
2019-10-01,Norte,5972.2700825351612
2019-10-01,Sudeste / Centro-Oeste,53714.416960685478
2019-10-01,Sul,8031.3710779996763
2019-11-01,Nordeste,18426.878059897659
2019-11-01,Norte,3800.75012207
2019-11-01,Sudeste / Centro-Oeste,41327.83671875
2019-11-01,Sul,8206.3665364596636
2019-12-01,Nordeste,18265.391507059354
2019-12-01,Norte,2606.6153761345163
2019-12-01,Sudeste / Centro-Oeste,39617.722656250015
2019-12-01,Sul,6098.9781376016126
2020-01-01,Nordeste,20514.362399195488
2020-01-01,Norte,2595.3578314012902
2020-01-01,Sudeste / Centro-Oeste,43672.993573588705
2020-01-01,Sul,5411.5276115170955
2020-02-01,Nordeste,27108.632543105869
2020-02-01,Norte,4916.8442467
2020-02-01,Sudeste / Centro-Oeste,64905.24434267242
2020-02-01,Sul,4267.6662008348276
2020-03-01,Nordeste,36053.793472782912
2020-03-01,Norte,9639.4412329899988
2020-03-01,Sudeste / Centro-Oeste,94804.260332661273
2020-03-01,Sul,3734.5811334429031
2020-04-01,Nordeste,44070.498046875
2020-04-01,Norte,11510.314127606001
2020-04-01,Sudeste / Centro-Oeste,108332.38177083332
2020-04-01,Sul,3256.9711914069994
2020-05-01,Nordeste,46989.644027217742
2020-05-01,Norte,12357.430412048065
2020-05-01,Sudeste / Centro-Oeste,111487.77142137096
2020-05-01,Sul,2984.6373566658067
2020-06-01,Nordeste,46641.277213541674
2020-06-01,Norte,12640.738899740336
2020-06-01,Sudeste / Centro-Oeste,109743.11197916669
2020-06-01,Sul,5560.6115804036672
2020-07-01,Nordeste,43922.748109879038
2020-07-01,Norte,12556.660439769357
2020-07-01,Sudeste / Centro-Oeste,103031.31123991935
2020-07-01,Sul,10994.474451866452
2020-08-01,Nordeste,40821.16948084678
2020-08-01,Norte,11346.249086443548
2020-08-01,Sudeste / Centro-Oeste,91466.262600806425
2020-08-01,Sul,11683.769594254192
2020-09-01,Nordeste,36672.911979166682
2020-09-01,Norte,8999.4119954433336
2020-09-01,Sudeste / Centro-Oeste,76883.681770833311
2020-09-01,Sul,10472.577832032668
2020-10-01,Nordeste,31298.828566030646
2020-10-01,Norte,5866.1825541841945
2020-10-01,Sudeste / Centro-Oeste,56278.213205645145
2020-10-01,Sul,6118.013309602582
2020-11-01,Nordeste,27889.856835940995
2020-11-01,Norte,4346.3538248696677
2020-11-01,Sudeste / Centro-Oeste,42067.166276041666
2020-11-01,Sul,4217.1253255210013
2020-12-01,Nordeste,25143.415889619031
2020-12-01,Norte,4074.81238186742
2020-12-01,Sudeste / Centro-Oeste,34715.215095766129
2020-12-01,Sul,4615.4826423890318
2021-01-01,Nordeste,25776.925907260971
2021-01-01,Norte,4538.0218151470972
2021-01-01,Sudeste / Centro-Oeste,43348.364415322569
2021-01-01,Sul,6359.9517546619354
2021-02-01,Nordeste,28087.209612167149
2021-02-01,Norte,5594.37630789607
2021-02-01,Sudeste / Centro-Oeste,53008.285993303565
2021-02-01,Sul,12579.444161552501
2021-03-01,Nordeste,33485.054939517089
2021-03-01,Norte,10812.200384326128
2021-03-01,Sudeste / Centro-Oeste,67511.365675403242
2021-03-01,Sul,12789.369707663223
2021-04-01,Nordeste,34924.599739583333
2021-04-01,Norte,12210.359147136336
2021-04-01,Sudeste / Centro-Oeste,71768.072916666672
2021-04-01,Sul,11772.395963543333
2021-05-01,Nordeste,33551.395602318706
2021-05-01,Norte,12633.576329386775
2021-05-01,Sudeste / Centro-Oeste,67691.733744959682
2021-05-01,Sul,11053.717584426773
2021-06-01,Nordeste,31475.05325521
2021-06-01,Norte,12712.676790366002
2021-06-01,Sudeste / Centro-Oeste,62137.92408854168
2021-06-01,Sul,11921.143164063002
2021-07-01,Nordeste,29444.86725050645
2021-07-01,Norte,12307.284967239353
2021-07-01,Sudeste / Centro-Oeste,56244.405745967735
2021-07-01,Sul,11653.307428175483
2021-08-01,Nordeste,26795.992817542581
2021-08-01,Norte,11375.216765373225
2021-08-01,Sudeste / Centro-Oeste,48572.0060483871
2021-08-01,Sul,7236.8830487658061
2021-09-01,Nordeste,23189.094856773
2021-09-01,Norte,9942.172200522
2021-09-01,Sudeste / Centro-Oeste,37700.89544270833
2021-09-01,Sul,5586.8293945323339
2021-10-01,Nordeste,19385.236517139991
2021-10-01,Norte,8081.1064453129029
2021-10-01,Sudeste / Centro-Oeste,34877.181577620977
2021-10-01,Sul,7735.2717363929032
2021-11-01,Nordeste,18866.625520835667
2021-11-01,Norte,5958.486702475001
2021-11-01,Sudeste / Centro-Oeste,38553.859505208326
2021-11-01,Sul,10718.922786460669
2021-12-01,Nordeste,22666.075195313668
2021-12-01,Norte,5872.1601888023333
2021-12-01,Sudeste / Centro-Oeste,44591.545572916657
2021-12-01,Sul,9307.8271809903326
2022-01-01,Nordeste,28953.688802086665
2022-01-01,Norte,9839.627278646667
2022-01-01,Sudeste / Centro-Oeste,56478.126302083336
2022-01-01,Sul,8275.79215495